-- phpMyAdmin SQL Dump
-- version 4.0.10.10
-- http://www.phpmyadmin.net
--
-- Хост: 10.0.0.164:3308
-- Время создания: Окт 24 2015 г., 08:00
-- Версия сервера: 5.5.43-37.2-log
-- Версия PHP: 5.3.3

SET SQL_MODE = "NO_AUTO_VALUE_ON_ZERO";
SET time_zone = "+00:00";


/*!40101 SET @OLD_CHARACTER_SET_CLIENT=@@CHARACTER_SET_CLIENT */;
/*!40101 SET @OLD_CHARACTER_SET_RESULTS=@@CHARACTER_SET_RESULTS */;
/*!40101 SET @OLD_COLLATION_CONNECTION=@@COLLATION_CONNECTION */;
/*!40101 SET NAMES utf8 */;

--
-- База данных: `9181399904_carwashdb`
--

-- --------------------------------------------------------

--
-- Структура таблицы `autos`
--

CREATE TABLE IF NOT EXISTS `autos` (
  `id` int(10) unsigned NOT NULL AUTO_INCREMENT,
  `created_at` timestamp NOT NULL DEFAULT '0000-00-00 00:00:00',
  `updated_at` timestamp NOT NULL DEFAULT '0000-00-00 00:00:00',
  `title` varchar(255) NOT NULL,
  `wash_id` int(10) unsigned NOT NULL,
  `icon` varchar(255) NOT NULL,
  `deleted_at` timestamp NULL DEFAULT NULL,
  `visibility` int(10) NOT NULL DEFAULT '1',
  `color_id` int(10) unsigned NOT NULL,
  PRIMARY KEY (`id`)
) ENGINE=InnoDB  DEFAULT CHARSET=utf8 AUTO_INCREMENT=50 ;

--
-- Дамп данных таблицы `autos`
--

INSERT INTO `autos` (`id`, `created_at`, `updated_at`, `title`, `wash_id`, `icon`, `deleted_at`, `visibility`, `color_id`) VALUES
(36, '2015-09-29 05:34:03', '2015-09-29 05:34:03', 'Легковой', 10, 'import.svg', NULL, 1, 0),
(37, '2015-09-29 05:41:49', '2015-09-29 05:41:49', 'Внедорожник', 10, 'cross.svg', NULL, 1, 0),
(38, '2015-09-29 05:42:11', '2015-09-29 05:42:11', 'Минивэн', 10, 'microbus.svg', NULL, 1, 0),
(39, '2015-09-29 05:42:46', '2015-10-08 10:19:17', 'Микроавтобус', 10, 'microbus.svg', NULL, 1, 0),
(40, '2015-09-29 05:43:05', '2015-09-29 05:43:05', 'Автобус', 10, 'bus.svg', NULL, 1, 0),
(41, '2015-10-07 05:07:14', '2015-10-07 06:21:28', 'Кроссовер', 10, 'mini.svg', NULL, 0, 0),
(42, '2015-10-08 03:08:14', '2015-10-08 03:08:14', 'Легковой', 11, 'import.svg', NULL, 1, 0),
(43, '2015-10-08 03:08:28', '2015-10-08 03:08:28', 'Внедорожник', 11, 'cross.svg', NULL, 1, 0),
(44, '2015-10-08 03:08:49', '2015-10-08 03:08:49', 'Минивэн', 11, 'microbus.svg', NULL, 1, 0),
(45, '2015-10-08 03:09:19', '2015-10-08 03:09:19', 'М.Автобус', 11, 'microbus.svg', NULL, 1, 0),
(46, '2015-10-08 03:09:35', '2015-10-08 03:09:35', 'Автобус', 11, 'bus.svg', NULL, 1, 0),
(49, '2015-10-09 02:50:04', '2015-10-09 02:50:04', 'Грузовой', 10, 'gruz.svg', NULL, 1, 0);

-- --------------------------------------------------------

--
-- Структура таблицы `autotype_services`
--

CREATE TABLE IF NOT EXISTS `autotype_services` (
  `auto_id` int(11) NOT NULL,
  `service_id` int(11) NOT NULL,
  `cost` decimal(18,6) NOT NULL,
  `created_at` timestamp NOT NULL DEFAULT '0000-00-00 00:00:00',
  `updated_at` timestamp NOT NULL DEFAULT '0000-00-00 00:00:00',
  `id` int(10) unsigned NOT NULL AUTO_INCREMENT,
  `timing` int(11) NOT NULL,
  `deleted_at` timestamp NULL DEFAULT NULL,
  PRIMARY KEY (`id`)
) ENGINE=InnoDB  DEFAULT CHARSET=utf8 AUTO_INCREMENT=254 ;

--
-- Дамп данных таблицы `autotype_services`
--

INSERT INTO `autotype_services` (`auto_id`, `service_id`, `cost`, `created_at`, `updated_at`, `id`, `timing`, `deleted_at`) VALUES
(36, 24, '100.000000', '2015-09-29 07:18:33', '2015-10-05 09:14:51', 155, 10, NULL),
(37, 24, '150.000000', '2015-09-29 07:25:03', '2015-10-05 09:16:04', 156, 10, NULL),
(36, 25, '150.000000', '2015-09-29 08:55:10', '2015-10-05 09:14:57', 157, 12, NULL),
(36, 26, '200.000000', '2015-09-29 08:55:30', '2015-10-05 09:15:02', 158, 10, NULL),
(36, 27, '150.000000', '2015-09-29 08:56:45', '2015-10-05 09:15:08', 159, 10, NULL),
(36, 28, '50.000000', '2015-09-29 08:56:55', '2015-10-05 09:15:23', 160, 12, NULL),
(36, 29, '200.000000', '2015-09-29 08:57:13', '2015-10-05 09:15:29', 161, 15, NULL),
(36, 30, '250.000000', '2015-09-29 08:57:25', '2015-10-05 09:15:35', 162, 15, NULL),
(36, 31, '150.000000', '2015-09-29 08:57:32', '2015-10-05 09:15:43', 163, 10, NULL),
(36, 32, '50.000000', '2015-09-29 08:58:19', '2015-10-05 09:15:47', 164, 7, NULL),
(37, 25, '200.000000', '2015-09-29 08:58:34', '2015-10-05 09:16:10', 165, 10, NULL),
(37, 26, '350.000000', '2015-09-29 08:59:43', '2015-10-05 09:16:17', 166, 15, NULL),
(37, 27, '250.000000', '2015-09-29 08:59:58', '2015-10-05 09:16:24', 167, 10, NULL),
(37, 28, '100.000000', '2015-09-29 09:00:10', '2015-10-05 09:16:38', 168, 10, NULL),
(37, 29, '250.000000', '2015-09-29 09:00:25', '2015-10-05 09:16:45', 169, 10, NULL),
(37, 30, '250.000000', '2015-09-29 09:00:40', '2015-10-05 09:16:55', 170, 10, NULL),
(37, 31, '200.000000', '2015-09-29 09:00:52', '2015-10-05 09:17:02', 171, 10, NULL),
(37, 32, '100.000000', '2015-09-29 09:01:02', '2015-10-05 09:17:07', 172, 12, NULL),
(40, 24, '200.000000', '2015-09-29 09:01:44', '2015-10-05 09:19:34', 173, 15, NULL),
(40, 25, '300.000000', '2015-09-29 09:01:53', '2015-10-05 09:19:38', 174, 10, NULL),
(40, 26, '600.000000', '2015-09-29 09:02:09', '2015-10-05 09:19:43', 175, 15, NULL),
(40, 27, '1000.000000', '2015-09-29 09:02:33', '2015-10-05 09:19:53', 176, 10, NULL),
(40, 28, '100.000000', '2015-09-29 09:02:48', '2015-10-05 09:20:00', 177, 12, NULL),
(40, 29, '250.000000', '2015-09-29 09:03:45', '2015-10-05 09:20:07', 178, 10, NULL),
(40, 30, '300.000000', '2015-09-29 09:03:59', '2015-10-05 09:20:14', 179, 10, NULL),
(40, 31, '300.000000', '2015-09-29 09:04:19', '2015-10-05 09:20:23', 180, 10, NULL),
(40, 32, '100.000000', '2015-09-29 09:04:39', '2015-10-05 09:20:39', 181, 15, NULL),
(38, 24, '150.000000', '2015-09-29 09:05:27', '2015-10-05 09:17:17', 182, 10, NULL),
(39, 24, '150.000000', '2015-09-29 09:05:35', '2015-10-05 09:18:20', 183, 15, NULL),
(38, 25, '200.000000', '2015-09-29 09:05:59', '2015-10-05 09:17:23', 184, 12, NULL),
(39, 25, '350.000000', '2015-09-29 09:06:13', '2015-10-05 09:18:26', 185, 17, NULL),
(38, 26, '300.000000', '2015-09-29 09:06:55', '2015-10-05 09:17:31', 186, 18, NULL),
(39, 26, '500.000000', '2015-09-29 09:07:06', '2015-10-05 09:18:32', 187, 20, NULL),
(38, 27, '300.000000', '2015-09-29 09:07:22', '2015-10-05 09:17:42', 188, 10, NULL),
(39, 27, '500.000000', '2015-09-29 09:07:28', '2015-10-05 09:18:41', 189, 15, NULL),
(38, 28, '100.000000', '2015-09-29 09:07:44', '2015-10-05 09:17:48', 190, 15, NULL),
(39, 28, '100.000000', '2015-09-29 09:08:20', '2015-10-05 09:18:54', 191, 10, NULL),
(38, 29, '250.000000', '2015-09-29 09:08:41', '2015-10-05 09:17:54', 192, 15, NULL),
(39, 29, '250.000000', '2015-09-29 09:09:00', '2015-10-05 09:19:01', 193, 15, NULL),
(38, 30, '250.000000', '2015-09-29 09:09:13', '2015-10-05 09:18:00', 194, 12, NULL),
(39, 30, '300.000000', '2015-09-29 09:09:39', '2015-10-05 09:19:08', 195, 15, NULL),
(39, 31, '300.000000', '2015-09-29 09:09:52', '2015-10-05 09:19:14', 196, 15, NULL),
(38, 31, '200.000000', '2015-09-29 09:10:02', '2015-10-05 09:18:07', 197, 10, NULL),
(38, 32, '100.000000', '2015-09-29 09:10:16', '2015-10-05 09:18:12', 198, 10, NULL),
(39, 32, '100.000000', '2015-09-29 09:10:22', '2015-10-05 09:19:19', 199, 10, NULL),
(42, 33, '100.000000', '2015-10-08 03:14:09', '2015-10-08 03:14:09', 200, 10, NULL),
(42, 34, '150.000000', '2015-10-08 03:14:21', '2015-10-08 03:14:21', 201, 10, NULL),
(42, 35, '200.000000', '2015-10-08 03:14:33', '2015-10-08 03:14:33', 202, 10, NULL),
(42, 36, '150.000000', '2015-10-08 03:14:46', '2015-10-08 03:14:46', 203, 10, NULL),
(42, 37, '50.000000', '2015-10-08 03:14:58', '2015-10-08 03:14:58', 204, 10, NULL),
(42, 38, '200.000000', '2015-10-08 03:15:13', '2015-10-08 03:15:13', 205, 10, NULL),
(42, 39, '250.000000', '2015-10-08 03:15:26', '2015-10-08 03:15:26', 206, 10, NULL),
(42, 40, '150.000000', '2015-10-08 03:15:52', '2015-10-08 03:15:52', 207, 10, NULL),
(42, 41, '50.000000', '2015-10-08 03:16:03', '2015-10-08 03:16:03', 208, 10, NULL),
(43, 33, '150.000000', '2015-10-08 03:16:28', '2015-10-08 03:16:28', 209, 10, NULL),
(43, 34, '200.000000', '2015-10-08 03:16:41', '2015-10-08 03:16:41', 210, 10, NULL),
(43, 35, '350.000000', '2015-10-08 03:16:56', '2015-10-08 03:16:56', 211, 10, NULL),
(43, 36, '250.000000', '2015-10-08 03:17:09', '2015-10-08 03:17:09', 212, 10, NULL),
(43, 37, '100.000000', '2015-10-08 03:17:20', '2015-10-08 03:17:20', 213, 10, NULL),
(43, 38, '250.000000', '2015-10-08 03:17:31', '2015-10-08 03:17:31', 214, 10, NULL),
(43, 39, '250.000000', '2015-10-08 03:17:42', '2015-10-08 03:17:42', 215, 10, NULL),
(43, 40, '200.000000', '2015-10-08 03:17:55', '2015-10-08 03:17:55', 216, 10, NULL),
(43, 41, '100.000000', '2015-10-08 03:18:12', '2015-10-08 03:18:12', 217, 10, NULL),
(44, 33, '150.000000', '2015-10-08 03:18:31', '2015-10-08 03:18:31', 218, 10, NULL),
(44, 34, '200.000000', '2015-10-08 03:18:41', '2015-10-08 03:18:41', 219, 10, NULL),
(44, 35, '300.000000', '2015-10-08 03:18:55', '2015-10-08 03:18:55', 220, 10, NULL),
(44, 36, '300.000000', '2015-10-08 03:19:11', '2015-10-08 03:19:11', 221, 10, NULL),
(44, 37, '100.000000', '2015-10-08 03:19:40', '2015-10-08 03:19:40', 222, 10, NULL),
(44, 38, '250.000000', '2015-10-08 03:19:55', '2015-10-08 03:19:55', 223, 10, NULL),
(44, 39, '250.000000', '2015-10-08 03:20:15', '2015-10-08 03:20:15', 224, 10, NULL),
(44, 40, '200.000000', '2015-10-08 03:20:29', '2015-10-08 03:20:29', 225, 10, NULL),
(44, 41, '100.000000', '2015-10-08 03:20:41', '2015-10-08 03:20:41', 226, 10, NULL),
(45, 33, '150.000000', '2015-10-08 03:20:53', '2015-10-08 03:20:53', 227, 10, NULL),
(45, 34, '350.000000', '2015-10-08 03:21:03', '2015-10-08 03:21:03', 228, 10, NULL),
(45, 35, '500.000000', '2015-10-08 03:21:16', '2015-10-08 03:21:16', 229, 10, NULL),
(45, 36, '500.000000', '2015-10-08 03:21:26', '2015-10-08 03:21:26', 230, 10, NULL),
(45, 37, '100.000000', '2015-10-08 03:21:33', '2015-10-08 03:21:33', 231, 10, NULL),
(45, 38, '250.000000', '2015-10-08 03:21:45', '2015-10-08 03:21:45', 232, 10, NULL),
(45, 39, '300.000000', '2015-10-08 03:21:57', '2015-10-08 03:21:57', 233, 10, NULL),
(45, 40, '300.000000', '2015-10-08 03:22:06', '2015-10-08 03:22:06', 234, 10, NULL),
(45, 41, '100.000000', '2015-10-08 03:22:17', '2015-10-08 03:22:17', 235, 10, NULL),
(46, 33, '200.000000', '2015-10-08 03:22:29', '2015-10-08 03:22:29', 236, 10, NULL),
(46, 34, '300.000000', '2015-10-08 03:23:01', '2015-10-08 03:23:01', 237, 10, NULL),
(46, 35, '600.000000', '2015-10-08 03:23:09', '2015-10-08 03:23:09', 238, 10, NULL),
(46, 36, '1000.000000', '2015-10-08 03:23:21', '2015-10-08 03:23:21', 239, 10, NULL),
(46, 37, '100.000000', '2015-10-08 03:23:29', '2015-10-08 03:23:29', 240, 10, NULL),
(46, 38, '250.000000', '2015-10-08 03:23:37', '2015-10-08 03:23:37', 241, 10, NULL),
(46, 39, '300.000000', '2015-10-08 03:23:44', '2015-10-08 03:23:44', 242, 10, NULL),
(46, 40, '300.000000', '2015-10-08 03:23:50', '2015-10-08 03:23:50', 243, 10, NULL),
(46, 41, '100.000000', '2015-10-08 03:23:59', '2015-10-08 03:23:59', 244, 10, NULL),
(49, 24, '210.000000', '2015-10-09 02:50:58', '2015-10-09 02:50:58', 245, 10, NULL),
(49, 25, '230.000000', '2015-10-09 02:51:07', '2015-10-09 02:51:07', 246, 40, NULL),
(49, 26, '120.000000', '2015-10-09 02:51:12', '2015-10-09 02:51:12', 247, 0, NULL),
(49, 27, '100.000000', '2015-10-09 02:51:40', '2015-10-09 02:51:40', 248, 30, NULL),
(49, 28, '200.000000', '2015-10-09 02:52:08', '2015-10-09 02:52:08', 249, 10, NULL),
(49, 30, '200.000000', '2015-10-09 02:53:20', '2015-10-09 02:53:20', 250, 10, NULL),
(49, 29, '250.000000', '2015-10-09 02:53:32', '2015-10-09 02:53:32', 251, 20, NULL),
(49, 31, '200.000000', '2015-10-09 02:54:25', '2015-10-09 02:54:25', 252, 10, NULL),
(49, 32, '230.000000', '2015-10-09 02:54:33', '2015-10-09 02:54:33', 253, 10, NULL);

-- --------------------------------------------------------

--
-- Структура таблицы `boxes`
--

CREATE TABLE IF NOT EXISTS `boxes` (
  `id` int(10) unsigned NOT NULL AUTO_INCREMENT,
  `created_at` timestamp NOT NULL DEFAULT '0000-00-00 00:00:00',
  `updated_at` timestamp NOT NULL DEFAULT '0000-00-00 00:00:00',
  `wash_id` int(10) unsigned NOT NULL,
  `title` varchar(255) NOT NULL,
  `worker_id` int(10) unsigned DEFAULT NULL,
  `washsession_id` int(10) unsigned NOT NULL,
  `deleted_at` timestamp NULL DEFAULT NULL,
  PRIMARY KEY (`id`)
) ENGINE=InnoDB  DEFAULT CHARSET=utf8 AUTO_INCREMENT=28 ;

--
-- Дамп данных таблицы `boxes`
--

INSERT INTO `boxes` (`id`, `created_at`, `updated_at`, `wash_id`, `title`, `worker_id`, `washsession_id`, `deleted_at`) VALUES
(20, '2015-09-29 07:17:32', '2015-10-15 05:42:48', 10, 'Бокс1', 0, 0, NULL),
(21, '2015-09-29 07:17:45', '2015-10-15 15:01:14', 10, 'Бокс2', 0, 0, NULL),
(22, '2015-09-29 08:49:04', '2015-10-15 14:19:10', 10, 'Бокс3', 0, 0, NULL),
(23, '2015-09-29 09:10:56', '2015-10-15 05:42:45', 10, 'Бокс4', 0, 0, NULL),
(24, '2015-10-08 03:26:44', '2015-10-20 05:00:29', 11, 'Бокс1', 123, 290, NULL),
(25, '2015-10-08 03:26:57', '2015-10-20 04:06:11', 11, 'Бокс2', 0, 0, NULL),
(26, '2015-10-08 03:27:10', '2015-10-20 04:07:15', 11, 'Бокс3', 0, 0, NULL),
(27, '2015-10-08 03:27:22', '2015-10-20 04:58:30', 11, 'Бокс4', 126, 289, NULL);

-- --------------------------------------------------------

--
-- Структура таблицы `cars`
--

CREATE TABLE IF NOT EXISTS `cars` (
  `id` int(10) unsigned NOT NULL AUTO_INCREMENT,
  `title` varchar(255) NOT NULL,
  `number` varchar(255) NOT NULL,
  `user_id` int(10) unsigned NOT NULL,
  `auto_id` int(10) unsigned NOT NULL,
  `color_id` int(10) unsigned NOT NULL,
  `deleted_at` timestamp NULL DEFAULT NULL,
  `created_at` timestamp NOT NULL DEFAULT '0000-00-00 00:00:00',
  `updated_at` timestamp NOT NULL DEFAULT '0000-00-00 00:00:00',
  PRIMARY KEY (`id`)
) ENGINE=InnoDB  DEFAULT CHARSET=utf8 AUTO_INCREMENT=56 ;

--
-- Дамп данных таблицы `cars`
--

INSERT INTO `cars` (`id`, `title`, `number`, `user_id`, `auto_id`, `color_id`, `deleted_at`, `created_at`, `updated_at`) VALUES
(53, 'Шкода Фабиа', 'у412рм', 130, 42, 4, NULL, '2015-10-20 04:55:44', '2015-10-20 04:55:44'),
(54, 'Вася', 'в088оа', 131, 42, 4, NULL, '2015-10-20 04:58:29', '2015-10-20 04:58:29'),
(55, 'Ниссан Кашкай', 'р368ор', 132, 43, 14, NULL, '2015-10-20 05:00:29', '2015-10-20 05:00:29');

-- --------------------------------------------------------

--
-- Структура таблицы `colors`
--

CREATE TABLE IF NOT EXISTS `colors` (
  `id` int(10) unsigned NOT NULL AUTO_INCREMENT,
  `title` varchar(255) NOT NULL,
  `code` varchar(255) NOT NULL,
  `created_at` timestamp NOT NULL DEFAULT '0000-00-00 00:00:00',
  `updated_at` timestamp NOT NULL DEFAULT '0000-00-00 00:00:00',
  PRIMARY KEY (`id`)
) ENGINE=InnoDB  DEFAULT CHARSET=utf8 AUTO_INCREMENT=25 ;

--
-- Дамп данных таблицы `colors`
--

INSERT INTO `colors` (`id`, `title`, `code`, `created_at`, `updated_at`) VALUES
(1, 'Красный', 'e2001a', '0000-00-00 00:00:00', '0000-00-00 00:00:00'),
(3, 'Зелёный', '009036', '0000-00-00 00:00:00', '0000-00-00 00:00:00'),
(4, 'Белый', 'ffffff', '0000-00-00 00:00:00', '0000-00-00 00:00:00'),
(5, 'Бежевый', 'fffddd', '0000-00-00 00:00:00', '0000-00-00 00:00:00'),
(6, 'Желтый', 'ffff00', '0000-00-00 00:00:00', '0000-00-00 00:00:00'),
(7, 'Красный', 'ff0000', '0000-00-00 00:00:00', '0000-00-00 00:00:00'),
(9, 'Зеленый', '00ff00', '0000-00-00 00:00:00', '0000-00-00 00:00:00'),
(10, 'Темно-зеленый', '008c00', '0000-00-00 00:00:00', '0000-00-00 00:00:00'),
(11, 'Бирюзовый', '00ffff', '0000-00-00 00:00:00', '0000-00-00 00:00:00'),
(12, 'Голубой', '00a3ff', '0000-00-00 00:00:00', '0000-00-00 00:00:00'),
(13, 'Темно-синий', '0031aa', '0000-00-00 00:00:00', '0000-00-00 00:00:00'),
(14, 'Фиолетовый', '7234b2', '0000-00-00 00:00:00', '0000-00-00 00:00:00'),
(15, 'Фиолетовый металик', 'a69be4', '0000-00-00 00:00:00', '0000-00-00 00:00:00'),
(16, 'Розовый', 'f7a8f8', '0000-00-00 00:00:00', '0000-00-00 00:00:00'),
(17, 'Вишневый/Бордовый', 'af0000', '0000-00-00 00:00:00', '0000-00-00 00:00:00'),
(19, 'Светло-серебряный', 'cee0e3', '0000-00-00 00:00:00', '0000-00-00 00:00:00'),
(20, 'Серебряный', 'a1b0b2', '0000-00-00 00:00:00', '0000-00-00 00:00:00'),
(21, 'Мокрый асфальт', '6a6e72', '0000-00-00 00:00:00', '0000-00-00 00:00:00'),
(22, 'Черный', '000000', '0000-00-00 00:00:00', '0000-00-00 00:00:00'),
(23, 'Золотой', 'e9ad38', '0000-00-00 00:00:00', '0000-00-00 00:00:00'),
(24, 'Коричневый', 'cee0e3', '0000-00-00 00:00:00', '0000-00-00 00:00:00');

-- --------------------------------------------------------

--
-- Структура таблицы `custom_services`
--

CREATE TABLE IF NOT EXISTS `custom_services` (
  `id` int(10) unsigned NOT NULL AUTO_INCREMENT,
  `title` varchar(255) NOT NULL,
  `cost` decimal(18,6) NOT NULL,
  `timing` int(11) NOT NULL,
  `washsession_id` int(10) unsigned NOT NULL,
  `created_at` timestamp NOT NULL DEFAULT '0000-00-00 00:00:00',
  `updated_at` timestamp NOT NULL DEFAULT '0000-00-00 00:00:00',
  PRIMARY KEY (`id`)
) ENGINE=InnoDB  DEFAULT CHARSET=utf8 AUTO_INCREMENT=39 ;

--
-- Дамп данных таблицы `custom_services`
--

INSERT INTO `custom_services` (`id`, `title`, `cost`, `timing`, `washsession_id`, `created_at`, `updated_at`) VALUES
(37, 'Багажник', '50.000000', 10, 288, '2015-10-20 04:55:44', '2015-10-20 04:55:44'),
(38, 'Коврики', '50.000000', 10, 290, '2015-10-20 05:00:29', '2015-10-20 05:00:29');

-- --------------------------------------------------------

--
-- Структура таблицы `discounts`
--

CREATE TABLE IF NOT EXISTS `discounts` (
  `id` int(10) unsigned NOT NULL AUTO_INCREMENT,
  `user_id` int(10) unsigned NOT NULL,
  `washsession_id` int(10) unsigned NOT NULL,
  `amount` double(8,2) NOT NULL,
  `deleted_at` timestamp NULL DEFAULT NULL,
  `created_at` timestamp NOT NULL DEFAULT '0000-00-00 00:00:00',
  `updated_at` timestamp NOT NULL DEFAULT '0000-00-00 00:00:00',
  PRIMARY KEY (`id`)
) ENGINE=InnoDB  DEFAULT CHARSET=utf8 AUTO_INCREMENT=38 ;

-- --------------------------------------------------------

--
-- Структура таблицы `duties`
--

CREATE TABLE IF NOT EXISTS `duties` (
  `id` int(10) unsigned NOT NULL AUTO_INCREMENT,
  `dutytype_id` int(10) unsigned NOT NULL,
  `created_at` timestamp NOT NULL DEFAULT '0000-00-00 00:00:00',
  `updated_at` timestamp NOT NULL DEFAULT '0000-00-00 00:00:00',
  PRIMARY KEY (`id`)
) ENGINE=InnoDB  DEFAULT CHARSET=utf8 AUTO_INCREMENT=26 ;

--
-- Дамп данных таблицы `duties`
--

INSERT INTO `duties` (`id`, `dutytype_id`, `created_at`, `updated_at`) VALUES
(25, 4, '2015-10-20 04:53:26', '2015-10-20 04:53:26');

-- --------------------------------------------------------

--
-- Структура таблицы `dutytypes`
--

CREATE TABLE IF NOT EXISTS `dutytypes` (
  `id` int(10) unsigned NOT NULL AUTO_INCREMENT,
  `wash_id` int(10) unsigned NOT NULL,
  `title` varchar(255) NOT NULL,
  `salary_perc` double(8,2) NOT NULL,
  `created_at` timestamp NOT NULL DEFAULT '0000-00-00 00:00:00',
  `updated_at` timestamp NOT NULL DEFAULT '0000-00-00 00:00:00',
  PRIMARY KEY (`id`)
) ENGINE=InnoDB  DEFAULT CHARSET=utf8 AUTO_INCREMENT=6 ;

--
-- Дамп данных таблицы `dutytypes`
--

INSERT INTO `dutytypes` (`id`, `wash_id`, `title`, `salary_perc`, `created_at`, `updated_at`) VALUES
(1, 10, 'Дневная', 30.00, '2015-10-13 04:22:18', '2015-10-13 04:22:18'),
(2, 10, 'Ночная', 40.00, '2015-10-13 04:22:32', '2015-10-13 04:22:32'),
(3, 10, 'Праздничная смена', 50.00, '2015-10-13 04:41:44', '2015-10-13 04:41:44'),
(4, 11, 'Дневная', 30.00, '2015-10-15 03:57:45', '2015-10-15 03:57:45'),
(5, 11, 'Ночная', 40.00, '2015-10-15 03:57:56', '2015-10-15 03:57:56');

-- --------------------------------------------------------

--
-- Структура таблицы `expences`
--

CREATE TABLE IF NOT EXISTS `expences` (
  `id` int(10) unsigned NOT NULL AUTO_INCREMENT,
  `user_id` int(10) unsigned NOT NULL,
  `receiver_id` int(10) unsigned NOT NULL,
  `amount` double(8,2) NOT NULL,
  `comment` varchar(255) NOT NULL,
  `created_at` timestamp NOT NULL DEFAULT '0000-00-00 00:00:00',
  `updated_at` timestamp NOT NULL DEFAULT '0000-00-00 00:00:00',
  PRIMARY KEY (`id`)
) ENGINE=InnoDB  DEFAULT CHARSET=utf8 AUTO_INCREMENT=10 ;

-- --------------------------------------------------------

--
-- Структура таблицы `lvrl_sessions`
--

CREATE TABLE IF NOT EXISTS `lvrl_sessions` (
  `id` varchar(255) NOT NULL,
  `payload` text NOT NULL,
  `last_activity` int(11) NOT NULL,
  UNIQUE KEY `id` (`id`)
) ENGINE=InnoDB DEFAULT CHARSET=utf8;

--
-- Дамп данных таблицы `lvrl_sessions`
--

INSERT INTO `lvrl_sessions` (`id`, `payload`, `last_activity`) VALUES
('0295601146e8ee3f8c32295760990b7ab12e14c6', 'YTozOntzOjY6Il90b2tlbiI7czo0MDoidUFRcm4ySXJFMDROdzgxNDE2TjRNT2dVZ1NWcWFiem5MNm1GaXdrUiI7czo5OiJfc2YyX21ldGEiO2E6Mzp7czoxOiJ1IjtpOjE0NDU2Mjg5NTI7czoxOiJjIjtpOjE0NDU2Mjg5NTI7czoxOiJsIjtzOjE6IjAiO31zOjU6ImZsYXNoIjthOjI6e3M6Mzoib2xkIjthOjA6e31zOjM6Im5ldyI7YTowOnt9fX0=', 1445628952),
('0bd6a750b8c494486fc974c5b2819fdb74c5ad02', 'YTozOntzOjY6Il90b2tlbiI7czo0MDoid2tRS3A3dm5IOXU0OU1mb2FQcnlTMjhub0I1a1RNVmVvUlhSQ05yVyI7czo5OiJfc2YyX21ldGEiO2E6Mzp7czoxOiJ1IjtpOjE0NDU2Mjg5MzQ7czoxOiJjIjtpOjE0NDU2Mjg5MzQ7czoxOiJsIjtzOjE6IjAiO31zOjU6ImZsYXNoIjthOjI6e3M6Mzoib2xkIjthOjA6e31zOjM6Im5ldyI7YTowOnt9fX0=', 1445628934),
('28552674a2483b00f5b59b567bd299e342a68483', 'YTozOntzOjY6Il90b2tlbiI7czo0MDoiRUlPUkJTUXV3SXlCRHByUWhEYlBzamViYkpuWlVZTHliWm5RQzd2MSI7czo5OiJfc2YyX21ldGEiO2E6Mzp7czoxOiJ1IjtpOjE0NDU2Mjg5Mzg7czoxOiJjIjtpOjE0NDU2Mjg5Mzg7czoxOiJsIjtzOjE6IjAiO31zOjU6ImZsYXNoIjthOjI6e3M6Mzoib2xkIjthOjA6e31zOjM6Im5ldyI7YTowOnt9fX0=', 1445628938),
('2d5105b871ceb3847b7ab0375576d2031abe1617', 'YTozOntzOjY6Il90b2tlbiI7czo0MDoiQlRRcEExUWt3SDhnYjBBU09jUDRzSG5pSWt1bzBvanczMGQ5UTU0dyI7czo5OiJfc2YyX21ldGEiO2E6Mzp7czoxOiJ1IjtpOjE0NDU2Mjg5NTc7czoxOiJjIjtpOjE0NDU2Mjg5NTc7czoxOiJsIjtzOjE6IjAiO31zOjU6ImZsYXNoIjthOjI6e3M6Mzoib2xkIjthOjA6e31zOjM6Im5ldyI7YTowOnt9fX0=', 1445628957),
('302e391c69a972f7315c2af0eed34c862991dce1', 'YTozOntzOjY6Il90b2tlbiI7czo0MDoibURBY0U1VXhobXdIVzd5MjdQM0poemh5MWY4dEZTSmpmUWxveTd3SiI7czo5OiJfc2YyX21ldGEiO2E6Mzp7czoxOiJ1IjtpOjE0NDU2MTMyNTU7czoxOiJjIjtpOjE0NDU2MTMyNTU7czoxOiJsIjtzOjE6IjAiO31zOjU6ImZsYXNoIjthOjI6e3M6Mzoib2xkIjthOjA6e31zOjM6Im5ldyI7YTowOnt9fX0=', 1445613255),
('3610ab07ee05ea00998a4377630171826ea67d84', 'YTo0OntzOjY6Il90b2tlbiI7czo0MDoiUkh2OUYya0d4dEg5RzVlMFhBTlprZm5nZXVkVFJUdGxtWkx5alFGWiI7czo5OiJfcHJldmlvdXMiO2E6MTp7czozOiJ1cmwiO3M6MzI6Imh0dHA6Ly9jaGlzdG9tb3lrYS5ydS9hdXRoL2xvZ2luIjt9czo5OiJfc2YyX21ldGEiO2E6Mzp7czoxOiJ1IjtpOjE0NDU2NDcwMjc7czoxOiJjIjtpOjE0NDU2NDcwMjc7czoxOiJsIjtzOjE6IjAiO31zOjU6ImZsYXNoIjthOjI6e3M6Mzoib2xkIjthOjA6e31zOjM6Im5ldyI7YTowOnt9fX0=', 1445647027),
('36d9d0d30bd69d5aafd8ae98b91409ed034604db', 'YTozOntzOjY6Il90b2tlbiI7czo0MDoiZ0tER0MzeFhJVlhPMTVlUm5pYjMzZDUyS3NpM01VZjNCM2Z6Wm8xVSI7czo5OiJfc2YyX21ldGEiO2E6Mzp7czoxOiJ1IjtpOjE0NDU2Mjg5MjY7czoxOiJjIjtpOjE0NDU2Mjg5MjY7czoxOiJsIjtzOjE6IjAiO31zOjU6ImZsYXNoIjthOjI6e3M6Mzoib2xkIjthOjA6e31zOjM6Im5ldyI7YTowOnt9fX0=', 1445628926),
('3b51882a90594a286ab2e125cd207c73753a51e5', 'YTo0OntzOjY6Il90b2tlbiI7czo0MDoiT2RETlNhdlVoTVhUbG1RQnoxaGkxeUZHbnJSb20yMHNMY0FPY1FkdSI7czo5OiJfcHJldmlvdXMiO2E6MTp7czozOiJ1cmwiO3M6MzI6Imh0dHA6Ly9jaGlzdG9tb2lrYS5ydS9hdXRoL2xvZ2luIjt9czo5OiJfc2YyX21ldGEiO2E6Mzp7czoxOiJ1IjtpOjE0NDU1OTYxOTY7czoxOiJjIjtpOjE0NDU1OTYxOTY7czoxOiJsIjtzOjE6IjAiO31zOjU6ImZsYXNoIjthOjI6e3M6Mzoib2xkIjthOjA6e31zOjM6Im5ldyI7YTowOnt9fX0=', 1445596196),
('3f7a26c44807aacf5a6c3ff46a1fc3e516e2a13c', 'YTo0OntzOjY6Il90b2tlbiI7czo0MDoiTlFTZFlwR2tHbmY3WUpnR1AyanIxY3dwd3JDMG5UektxUG9KQUowbiI7czo5OiJfcHJldmlvdXMiO2E6MTp7czozOiJ1cmwiO3M6MjE6Imh0dHA6Ly9jaGlzdG9tb3lrYS5ydSI7fXM6OToiX3NmMl9tZXRhIjthOjM6e3M6MToidSI7aToxNDQ1NTc3MzA1O3M6MToiYyI7aToxNDQ1NTc3MzA1O3M6MToibCI7czoxOiIwIjt9czo1OiJmbGFzaCI7YToyOntzOjM6Im9sZCI7YTowOnt9czozOiJuZXciO2E6MDp7fX19', 1445577305),
('42541f27b51a8c931acce16c086475e718f13ec0', 'YTo0OntzOjY6Il90b2tlbiI7czo0MDoiMm1LbTdmUFo5WkI3U0xFa1RVa2V2T3BiaEQ4ckhDQkxLajVlTkdONCI7czo5OiJfcHJldmlvdXMiO2E6MTp7czozOiJ1cmwiO3M6MzI6Imh0dHA6Ly9jaGlzdG9tb3lrYS5ydS9hdXRoL2xvZ2luIjt9czo5OiJfc2YyX21ldGEiO2E6Mzp7czoxOiJ1IjtpOjE0NDU2MTA3MzU7czoxOiJjIjtpOjE0NDU2MTA3MzU7czoxOiJsIjtzOjE6IjAiO31zOjU6ImZsYXNoIjthOjI6e3M6Mzoib2xkIjthOjA6e31zOjM6Im5ldyI7YTowOnt9fX0=', 1445610735),
('425600a7a1c541a3cf3eecae71e7727f5056b9cf', 'YTozOntzOjY6Il90b2tlbiI7czo0MDoiNUtvSDVMUEdmU0tVaUNhZGd1dFMzYkhXTW1MUm1iYnhPa1JNVmpzcyI7czo5OiJfc2YyX21ldGEiO2E6Mzp7czoxOiJ1IjtpOjE0NDU2Mjg5MzM7czoxOiJjIjtpOjE0NDU2Mjg5MzM7czoxOiJsIjtzOjE6IjAiO31zOjU6ImZsYXNoIjthOjI6e3M6Mzoib2xkIjthOjA6e31zOjM6Im5ldyI7YTowOnt9fX0=', 1445628933),
('42d807e1553c2dcc3716b5cbefab1e3cb4b66b29', 'YTo0OntzOjY6Il90b2tlbiI7czo0MDoiWmdaSFNIazJzNUNoblZFbFlBUGhaSDhTb3N2YVdLTG5vaTFMd3pUNSI7czo5OiJfcHJldmlvdXMiO2E6MTp7czozOiJ1cmwiO3M6MjE6Imh0dHA6Ly9jaGlzdG9tb3lrYS5ydSI7fXM6OToiX3NmMl9tZXRhIjthOjM6e3M6MToidSI7aToxNDQ1NTk2MTk2O3M6MToiYyI7aToxNDQ1NTk2MTk2O3M6MToibCI7czoxOiIwIjt9czo1OiJmbGFzaCI7YToyOntzOjM6Im9sZCI7YTowOnt9czozOiJuZXciO2E6MDp7fX19', 1445596196),
('4609119a4ee656d919c57691ceaeb420092c42b3', 'YTozOntzOjY6Il90b2tlbiI7czo0MDoiZ2tFa2pvVTR6Q3A5d1NacTk2YXZTZUZ4RU80Ulp0MUVzeWpBTXRQSCI7czo5OiJfc2YyX21ldGEiO2E6Mzp7czoxOiJ1IjtpOjE0NDU2Mjg5MzY7czoxOiJjIjtpOjE0NDU2Mjg5MzY7czoxOiJsIjtzOjE6IjAiO31zOjU6ImZsYXNoIjthOjI6e3M6Mzoib2xkIjthOjA6e31zOjM6Im5ldyI7YTowOnt9fX0=', 1445628936),
('46fab7747184b9afe23b935205fc3c92686eb1b9', 'YTo0OntzOjY6Il90b2tlbiI7czo0MDoiN1NyMEROVVcxdVgwNDA1NzFDYUlhc0tDSlVLUVhrNnZ4ZHU3bURqWiI7czo5OiJfcHJldmlvdXMiO2E6MTp7czozOiJ1cmwiO3M6MjU6Imh0dHA6Ly93d3cuY2hpc3RvbW9pa2EucnUiO31zOjk6Il9zZjJfbWV0YSI7YTozOntzOjE6InUiO2k6MTQ0NTU3OTQ1MztzOjE6ImMiO2k6MTQ0NTU3OTQ1MztzOjE6ImwiO3M6MToiMCI7fXM6NToiZmxhc2giO2E6Mjp7czozOiJvbGQiO2E6MDp7fXM6MzoibmV3IjthOjA6e319fQ==', 1445579453),
('476ef5f6ea9a01226aa630c2d0d724c6bed2f954', 'YTozOntzOjY6Il90b2tlbiI7czo0MDoiVXlrUHJSWmJQU0ZvZHpoRUk1dlo0WWxJQ09jM1YyVW1Rak5QOWZ0USI7czo5OiJfc2YyX21ldGEiO2E6Mzp7czoxOiJ1IjtpOjE0NDU2Mjg5MzA7czoxOiJjIjtpOjE0NDU2Mjg5MzA7czoxOiJsIjtzOjE6IjAiO31zOjU6ImZsYXNoIjthOjI6e3M6Mzoib2xkIjthOjA6e31zOjM6Im5ldyI7YTowOnt9fX0=', 1445628930),
('4f80baf8c4fa1b9bc4d842a1bb40ed0517e54044', 'YTozOntzOjY6Il90b2tlbiI7czo0MDoiTlZHaFJhRjBmYTRDcHdlNE0ydmJQc1lyNk1oNmNxVzlrczdKSEY2bSI7czo5OiJfc2YyX21ldGEiO2E6Mzp7czoxOiJ1IjtpOjE0NDU2Mjg5NDk7czoxOiJjIjtpOjE0NDU2Mjg5NDk7czoxOiJsIjtzOjE6IjAiO31zOjU6ImZsYXNoIjthOjI6e3M6Mzoib2xkIjthOjA6e31zOjM6Im5ldyI7YTowOnt9fX0=', 1445628949),
('52a22cd227471a28da244711daae43832ee8e09d', 'YTo0OntzOjY6Il90b2tlbiI7czo0MDoiTHRZSVd1VFROaE1LUDlPWHZ5S0xOQWlnNG1ZTlk5SzJXYzQyQ0VvZyI7czo5OiJfcHJldmlvdXMiO2E6MTp7czozOiJ1cmwiO3M6MjE6Imh0dHA6Ly9jaGlzdG9tb3lrYS5ydSI7fXM6OToiX3NmMl9tZXRhIjthOjM6e3M6MToidSI7aToxNDQ1NjQ3MDI2O3M6MToiYyI7aToxNDQ1NjQ3MDI2O3M6MToibCI7czoxOiIwIjt9czo1OiJmbGFzaCI7YToyOntzOjM6Im9sZCI7YTowOnt9czozOiJuZXciO2E6MDp7fX19', 1445647027),
('593719c283311b0bb3ab622912e53bbf7a214fb7', 'YTo0OntzOjY6Il90b2tlbiI7czo0MDoialZ1NU5KUzQxejBVdzltRlJ0MTVxVVV5a0JnR1NyaENobEJVeDBjYyI7czo5OiJfcHJldmlvdXMiO2E6MTp7czozOiJ1cmwiO3M6MjE6Imh0dHA6Ly9jaGlzdG9tb3lrYS5ydSI7fXM6OToiX3NmMl9tZXRhIjthOjM6e3M6MToidSI7aToxNDQ1NTc5NDY3O3M6MToiYyI7aToxNDQ1NTc5NDY3O3M6MToibCI7czoxOiIwIjt9czo1OiJmbGFzaCI7YToyOntzOjM6Im9sZCI7YTowOnt9czozOiJuZXciO2E6MDp7fX19', 1445579467),
('5ff96b5401e6356b83fa75c1345ad4fd7a8c8678', 'YTozOntzOjY6Il90b2tlbiI7czo0MDoiUkJHZVBQU0RDMmR0bWZ6Y1d2aW5IdkFCM0g1b0s3bG5ITHlPaUJ2YiI7czo5OiJfc2YyX21ldGEiO2E6Mzp7czoxOiJ1IjtpOjE0NDU2Mjg5NDU7czoxOiJjIjtpOjE0NDU2Mjg5NDU7czoxOiJsIjtzOjE6IjAiO31zOjU6ImZsYXNoIjthOjI6e3M6Mzoib2xkIjthOjA6e31zOjM6Im5ldyI7YTowOnt9fX0=', 1445628945),
('61f6079c0ea8edacb88fbdccd4739d822d9bf8d9', 'YTo1OntzOjY6Il90b2tlbiI7czo0MDoic2t4UjlLc3o1aVA3N1ZZbmVQOXhUOXp6REdHbXJpRWFkV2RuSHdSUiI7czo5OiJfcHJldmlvdXMiO2E6MTp7czozOiJ1cmwiO3M6Mzc6Imh0dHA6Ly9jaGlzdG9tb2lrYS5ydS9wcmljZXMvaW5kZXgvMTEiO31zOjU6ImZsYXNoIjthOjI6e3M6Mzoib2xkIjthOjA6e31zOjM6Im5ldyI7YTowOnt9fXM6Mzg6ImxvZ2luXzgyZTVkMmM1NmJkZDA4MTEzMThmMGNmMDc4Yjc4YmZjIjtpOjEwMztzOjk6Il9zZjJfbWV0YSI7YTozOntzOjE6InUiO2k6MTQ0NTU4MDA0NztzOjE6ImMiO2k6MTQ0NTU4MDAzMDtzOjE6ImwiO3M6MToiMCI7fX0=', 1445580047),
('6a6e8d1ad5ae0c680c3c775e50945f4ec5371cd8', 'YTo0OntzOjY6Il90b2tlbiI7czo0MDoiTElMTkdiYVo1UW91T2J6RE9RTkRGVTRTcFlVRUtEb21rQWpHNkdhUSI7czo5OiJfcHJldmlvdXMiO2E6MTp7czozOiJ1cmwiO3M6MzI6Imh0dHA6Ly9jaGlzdG9tb2lrYS5ydS9hdXRoL2xvZ2luIjt9czo5OiJfc2YyX21ldGEiO2E6Mzp7czoxOiJ1IjtpOjE0NDU2Mzg5NDk7czoxOiJjIjtpOjE0NDU2Mzg5NDk7czoxOiJsIjtzOjE6IjAiO31zOjU6ImZsYXNoIjthOjI6e3M6Mzoib2xkIjthOjA6e31zOjM6Im5ldyI7YTowOnt9fX0=', 1445638949),
('6ff756af4bf364b1652bc7f187ae77abcc0ebd51', 'YTo0OntzOjY6Il90b2tlbiI7czo0MDoiZENHT21ObnA5R05QeE9mc2RnQ0Q0Y252dTAzakk5bVlOMkdQQnlYZyI7czo5OiJfcHJldmlvdXMiO2E6MTp7czozOiJ1cmwiO3M6MjE6Imh0dHA6Ly9jaGlzdG9tb3lrYS5ydSI7fXM6OToiX3NmMl9tZXRhIjthOjM6e3M6MToidSI7aToxNDQ1NjEwNzM0O3M6MToiYyI7aToxNDQ1NjEwNzM0O3M6MToibCI7czoxOiIwIjt9czo1OiJmbGFzaCI7YToyOntzOjM6Im9sZCI7YTowOnt9czozOiJuZXciO2E6MDp7fX19', 1445610734),
('74c35c63a742ed42cdd606a5187db16f4acf8293', 'YTo0OntzOjY6Il90b2tlbiI7czo0MDoiNzNxZmNCVnJtT2pTaTRSV2RrQkVKckRzR3ZhVFhueFplbUhBako2RSI7czo5OiJfcHJldmlvdXMiO2E6MTp7czozOiJ1cmwiO3M6MjE6Imh0dHA6Ly9jaGlzdG9tb3lrYS5ydSI7fXM6OToiX3NmMl9tZXRhIjthOjM6e3M6MToidSI7aToxNDQ1NTY1MzE5O3M6MToiYyI7aToxNDQ1NTY1MzE5O3M6MToibCI7czoxOiIwIjt9czo1OiJmbGFzaCI7YToyOntzOjM6Im9sZCI7YTowOnt9czozOiJuZXciO2E6MDp7fX19', 1445565319),
('77c24bcae290dd005799e6ef11468edd3e62434e', 'YTo0OntzOjY6Il90b2tlbiI7czo0MDoibXk2eUxvaDJnV3Uxa282SGtpYjlHaUJvTHNMSE5qTmpCanhQS2RkUCI7czo5OiJfcHJldmlvdXMiO2E6MTp7czozOiJ1cmwiO3M6MzI6Imh0dHA6Ly9jaGlzdG9tb2lrYS5ydS9hdXRoL2xvZ2luIjt9czo5OiJfc2YyX21ldGEiO2E6Mzp7czoxOiJ1IjtpOjE0NDU1ODI0MTc7czoxOiJjIjtpOjE0NDU1ODI0MTc7czoxOiJsIjtzOjE6IjAiO31zOjU6ImZsYXNoIjthOjI6e3M6Mzoib2xkIjthOjA6e31zOjM6Im5ldyI7YTowOnt9fX0=', 1445582417),
('7afc6e94e887f7198b01a42f0a25ea4e1cf95e43', 'YTozOntzOjY6Il90b2tlbiI7czo0MDoibWZPRGY5bHl3aUI4bGN4Mm9xUktWalJKbnBBWlBHQnVLQ2tHM25tNiI7czo5OiJfc2YyX21ldGEiO2E6Mzp7czoxOiJ1IjtpOjE0NDU2Mjg5NDI7czoxOiJjIjtpOjE0NDU2Mjg5NDI7czoxOiJsIjtzOjE6IjAiO31zOjU6ImZsYXNoIjthOjI6e3M6Mzoib2xkIjthOjA6e31zOjM6Im5ldyI7YTowOnt9fX0=', 1445628942),
('89cdc90acc41b3701d0166d85ab4bfbb0159cf5c', 'YTozOntzOjY6Il90b2tlbiI7czo0MDoibThZa0FFNTdGcnNqQXU0SnJqamJFRGwzTTk2YmwwRmNVMXRsVGZBRSI7czo5OiJfc2YyX21ldGEiO2E6Mzp7czoxOiJ1IjtpOjE0NDU2MTMyNTU7czoxOiJjIjtpOjE0NDU2MTMyNTU7czoxOiJsIjtzOjE6IjAiO31zOjU6ImZsYXNoIjthOjI6e3M6Mzoib2xkIjthOjA6e31zOjM6Im5ldyI7YTowOnt9fX0=', 1445613255),
('8bb9b2af28b9b6e4ce68ff47ea32c71a0100cb86', 'YTo0OntzOjY6Il90b2tlbiI7czo0MDoiSXlxd1pkSURibTFnRlFNWDZkeHFSdkRHdDRnbUQ0cG5nOVV3aGdVWSI7czo5OiJfcHJldmlvdXMiO2E6MTp7czozOiJ1cmwiO3M6MzI6Imh0dHA6Ly9jaGlzdG9tb3lrYS5ydS9hdXRoL2xvZ2luIjt9czo1OiJmbGFzaCI7YToyOntzOjM6Im9sZCI7YTowOnt9czozOiJuZXciO2E6MDp7fX1zOjk6Il9zZjJfbWV0YSI7YTozOntzOjE6InUiO2k6MTQ0NTY2MTAzODtzOjE6ImMiO2k6MTQ0NTY2MTAzNztzOjE6ImwiO3M6MToiMCI7fX0=', 1445661038),
('8d00e0fb10f3f5701d53397fda9807d26674f2e3', 'YTozOntzOjY6Il90b2tlbiI7czo0MDoiQkF1MzFRNm9Vd3pYNzI2S3JqTkQ1SEtnYzZwZWk5NDRVMzVaOHNzcCI7czo5OiJfc2YyX21ldGEiO2E6Mzp7czoxOiJ1IjtpOjE0NDU2Mjg5MjM7czoxOiJjIjtpOjE0NDU2Mjg5MjM7czoxOiJsIjtzOjE6IjAiO31zOjU6ImZsYXNoIjthOjI6e3M6Mzoib2xkIjthOjA6e31zOjM6Im5ldyI7YTowOnt9fX0=', 1445628923),
('931acff789e62ce5f55e92244bf3efbee2228c61', 'YTozOntzOjY6Il90b2tlbiI7czo0MDoibzJkR2F1bUJQRnd3VGNsdXNoY1Mwc1k4cjV5TjR0VUQ3V1UxeG9xUSI7czo5OiJfc2YyX21ldGEiO2E6Mzp7czoxOiJ1IjtpOjE0NDU2Mjg5NDE7czoxOiJjIjtpOjE0NDU2Mjg5NDE7czoxOiJsIjtzOjE6IjAiO31zOjU6ImZsYXNoIjthOjI6e3M6Mzoib2xkIjthOjA6e31zOjM6Im5ldyI7YTowOnt9fX0=', 1445628941),
('98e0b979edf42d9c62f9033cd4f4aaf581563199', 'YTozOntzOjY6Il90b2tlbiI7czo0MDoiUktXQ3JBOFlPOU91M0RuTHRaNHI1TU1zQzN2TXNsRTBMUmg2cnhueCI7czo5OiJfc2YyX21ldGEiO2E6Mzp7czoxOiJ1IjtpOjE0NDU2Mjg5NTY7czoxOiJjIjtpOjE0NDU2Mjg5NTY7czoxOiJsIjtzOjE6IjAiO31zOjU6ImZsYXNoIjthOjI6e3M6Mzoib2xkIjthOjA6e31zOjM6Im5ldyI7YTowOnt9fX0=', 1445628956),
('9a9aa888b716f6c68999830017db5e9516339c5c', 'YTo0OntzOjY6Il90b2tlbiI7czo0MDoibkJFTmFmWGZOWWg4dmJlVzQ1NVpZNU9IbmNqdlJDNXV2eHk2ZEUyTSI7czo5OiJfcHJldmlvdXMiO2E6MTp7czozOiJ1cmwiO3M6MjE6Imh0dHA6Ly9jaGlzdG9tb2lrYS5ydSI7fXM6OToiX3NmMl9tZXRhIjthOjM6e3M6MToidSI7aToxNDQ1NjM4OTQ5O3M6MToiYyI7aToxNDQ1NjM4OTQ5O3M6MToibCI7czoxOiIwIjt9czo1OiJmbGFzaCI7YToyOntzOjM6Im9sZCI7YTowOnt9czozOiJuZXciO2E6MDp7fX19', 1445638949),
('9bb66879249c7f472d3e11aa95d9b53ef88a6d1c', 'YTo0OntzOjY6Il90b2tlbiI7czo0MDoiNklpRU5VRDdSOEdkeVRBR1dVSGZBOUNtbWQyUHdQWjlESTBscVAxQiI7czo5OiJfcHJldmlvdXMiO2E6MTp7czozOiJ1cmwiO3M6MzI6Imh0dHA6Ly9jaGlzdG9tb2lrYS5ydS9hdXRoL2xvZ2luIjt9czo5OiJfc2YyX21ldGEiO2E6Mzp7czoxOiJ1IjtpOjE0NDU1ODMyNjI7czoxOiJjIjtpOjE0NDU1ODMyNjI7czoxOiJsIjtzOjE6IjAiO31zOjU6ImZsYXNoIjthOjI6e3M6Mzoib2xkIjthOjA6e31zOjM6Im5ldyI7YTowOnt9fX0=', 1445583262),
('9bf24fcebec764fe91bf1d4a3673b424c0048c4e', 'YTozOntzOjY6Il90b2tlbiI7czo0MDoiOGY5a0kyQjBadVBtbHB5MjlmWXRXTnhwODBDZGY4TGU2elVBMG55UCI7czo5OiJfc2YyX21ldGEiO2E6Mzp7czoxOiJ1IjtpOjE0NDU2Mjg5MjQ7czoxOiJjIjtpOjE0NDU2Mjg5MjQ7czoxOiJsIjtzOjE6IjAiO31zOjU6ImZsYXNoIjthOjI6e3M6Mzoib2xkIjthOjA6e31zOjM6Im5ldyI7YTowOnt9fX0=', 1445628924),
('a178c63bc6632bddce9c5460d7276b5d58bbed4c', 'YTo0OntzOjY6Il90b2tlbiI7czo0MDoiWlZ4a3hMVmFRWFBJUFcxbk51QlVjU0dPVUdSR1oxZDN1c1dOajkxZyI7czo5OiJfcHJldmlvdXMiO2E6MTp7czozOiJ1cmwiO3M6MzI6Imh0dHA6Ly9jaGlzdG9tb3lrYS5ydS9hdXRoL2xvZ2luIjt9czo5OiJfc2YyX21ldGEiO2E6Mzp7czoxOiJ1IjtpOjE0NDU1OTYxOTY7czoxOiJjIjtpOjE0NDU1OTYxOTY7czoxOiJsIjtzOjE6IjAiO31zOjU6ImZsYXNoIjthOjI6e3M6Mzoib2xkIjthOjA6e31zOjM6Im5ldyI7YTowOnt9fX0=', 1445596196),
('a17b4233d6b3bbb135cafc054fbca43643838845', 'YTo0OntzOjY6Il90b2tlbiI7czo0MDoib3dNZ1pMeUNnbTFKOG5weW50UjdRQjl6NHBrTWZCRElQMEE0M2hsYSI7czo5OiJfcHJldmlvdXMiO2E6MTp7czozOiJ1cmwiO3M6MzI6Imh0dHA6Ly9jaGlzdG9tb2lrYS5ydS9hdXRoL2xvZ2luIjt9czo1OiJmbGFzaCI7YToyOntzOjM6Im9sZCI7YTowOnt9czozOiJuZXciO2E6MDp7fX1zOjk6Il9zZjJfbWV0YSI7YTozOntzOjE6InUiO2k6MTQ0NTY2MTEyNjtzOjE6ImMiO2k6MTQ0NTY2MTA1MDtzOjE6ImwiO3M6MToiMCI7fX0=', 1445661126),
('a4fe7dd9886a9dcc575975aec7e0b46c986fb7a2', 'YTo0OntzOjY6Il90b2tlbiI7czo0MDoia0wzYXVLUHhQV1pjS1ExUFczWlRMWFhtYXVFaUM0cWhuMXJxU2w0UiI7czo5OiJfcHJldmlvdXMiO2E6MTp7czozOiJ1cmwiO3M6MzI6Imh0dHA6Ly9jaGlzdG9tb3lrYS5ydS9hdXRoL2xvZ2luIjt9czo5OiJfc2YyX21ldGEiO2E6Mzp7czoxOiJ1IjtpOjE0NDU1ODMyNjI7czoxOiJjIjtpOjE0NDU1ODMyNjI7czoxOiJsIjtzOjE6IjAiO31zOjU6ImZsYXNoIjthOjI6e3M6Mzoib2xkIjthOjA6e31zOjM6Im5ldyI7YTowOnt9fX0=', 1445583262),
('a648375b0b60e9f9df2981620da2320703164c64', 'YTo1OntzOjY6Il90b2tlbiI7czo0MDoiNFE3VmFNZ3VmWWlueGdhZTh4ck1KalhRekI1am5lNGlTeURjODBWWiI7czo5OiJfcHJldmlvdXMiO2E6MTp7czozOiJ1cmwiO3M6Mzc6Imh0dHA6Ly9jaGlzdG9tb2lrYS5ydS9wcmljZXMvaW5kZXgvMTEiO31zOjU6ImZsYXNoIjthOjI6e3M6Mzoib2xkIjthOjA6e31zOjM6Im5ldyI7YTowOnt9fXM6Mzg6ImxvZ2luXzgyZTVkMmM1NmJkZDA4MTEzMThmMGNmMDc4Yjc4YmZjIjtpOjEwMztzOjk6Il9zZjJfbWV0YSI7YTozOntzOjE6InUiO2k6MTQ0NTU3OTc4OTtzOjE6ImMiO2k6MTQ0NTU3OTc0NTtzOjE6ImwiO3M6MToiMCI7fX0=', 1445579789),
('aac4aac7180a33e0ff9297b1e471b12fb0baced2', 'YTo0OntzOjY6Il90b2tlbiI7czo0MDoiN085VFNFOGRyelZocGRHMmlRVTNCMXVSdTl2bnpEcFc2eVFsU05wQiI7czo5OiJfcHJldmlvdXMiO2E6MTp7czozOiJ1cmwiO3M6MjE6Imh0dHA6Ly9jaGlzdG9tb3lrYS5ydSI7fXM6OToiX3NmMl9tZXRhIjthOjM6e3M6MToidSI7aToxNDQ1NjM2NjA1O3M6MToiYyI7aToxNDQ1NjM2NjA1O3M6MToibCI7czoxOiIwIjt9czo1OiJmbGFzaCI7YToyOntzOjM6Im9sZCI7YTowOnt9czozOiJuZXciO2E6MDp7fX19', 1445636605),
('ab1fb0b049fc41fb93698fc31a322de1b47d11f4', 'YTo0OntzOjY6Il90b2tlbiI7czo0MDoia1lsSk1SZldaeVNzcld4blRQRElmVHo4ZVlWc1J4d2xHNVl6djd5ZiI7czo5OiJfcHJldmlvdXMiO2E6MTp7czozOiJ1cmwiO3M6MzY6Imh0dHA6Ly93d3cuY2hpc3RvbW9pa2EucnUvYXV0aC9sb2dpbiI7fXM6NToiZmxhc2giO2E6Mjp7czozOiJvbGQiO2E6MDp7fXM6MzoibmV3IjthOjA6e319czo5OiJfc2YyX21ldGEiO2E6Mzp7czoxOiJ1IjtpOjE0NDU1NjgxNDQ7czoxOiJjIjtpOjE0NDU1NjgxNDQ7czoxOiJsIjtzOjE6IjAiO319', 1445568144),
('ab9814a8abb1fa159f4ac065e500d0f8b45984e1', 'YTo0OntzOjY6Il90b2tlbiI7czo0MDoiTXJnMHcxVG5XQmc3ZkVvZ1Yxa2dJUUFsQWZOdTQ2cnBjUkVkaHk5WCI7czo5OiJfcHJldmlvdXMiO2E6MTp7czozOiJ1cmwiO3M6MzI6Imh0dHA6Ly9jaGlzdG9tb3lrYS5ydS9hdXRoL2xvZ2luIjt9czo5OiJfc2YyX21ldGEiO2E6Mzp7czoxOiJ1IjtpOjE0NDU2Mjg5MjE7czoxOiJjIjtpOjE0NDU2Mjg5MjE7czoxOiJsIjtzOjE6IjAiO31zOjU6ImZsYXNoIjthOjI6e3M6Mzoib2xkIjthOjA6e31zOjM6Im5ldyI7YTowOnt9fX0=', 1445628921),
('aba99060c3147e06ab293628426d30b6b4d113ba', 'YTo0OntzOjY6Il90b2tlbiI7czo0MDoiNzVNTEV5TjhGenVzVWtJQkpaQVNxYkcwTmN4dUhSbVM0SUE5QnF2USI7czo5OiJfcHJldmlvdXMiO2E6MTp7czozOiJ1cmwiO3M6MjE6Imh0dHA6Ly9jaGlzdG9tb2lrYS5ydSI7fXM6OToiX3NmMl9tZXRhIjthOjM6e3M6MToidSI7aToxNDQ1NjM2NzU1O3M6MToiYyI7aToxNDQ1NjM2NzU1O3M6MToibCI7czoxOiIwIjt9czo1OiJmbGFzaCI7YToyOntzOjM6Im9sZCI7YTowOnt9czozOiJuZXciO2E6MDp7fX19', 1445636755),
('ac8f4d1afdd74faf64b13a8f4f1af9a475e4a54e', 'YTo0OntzOjY6Il90b2tlbiI7czo0MDoiUzBnOHdESzRBT1B5dlRzWDJvYTJZdzZETk9wYlVJZENhU3hrSGtlNiI7czo5OiJfcHJldmlvdXMiO2E6MTp7czozOiJ1cmwiO3M6MjE6Imh0dHA6Ly9jaGlzdG9tb2lrYS5ydSI7fXM6OToiX3NmMl9tZXRhIjthOjM6e3M6MToidSI7aToxNDQ1NTgyNDE0O3M6MToiYyI7aToxNDQ1NTgyNDE0O3M6MToibCI7czoxOiIwIjt9czo1OiJmbGFzaCI7YToyOntzOjM6Im9sZCI7YTowOnt9czozOiJuZXciO2E6MDp7fX19', 1445582414),
('ad2859c0e23f8ead1cb037e5a916192babc6ebe8', 'YTozOntzOjY6Il90b2tlbiI7czo0MDoiZ0pyWTJ0Q1RoM2ZUaVloQmdJVXBFNzVjUVo1Z2xlUVJicjRGMFhoVSI7czo5OiJfc2YyX21ldGEiO2E6Mzp7czoxOiJ1IjtpOjE0NDU2Mjg5NDA7czoxOiJjIjtpOjE0NDU2Mjg5NDA7czoxOiJsIjtzOjE6IjAiO31zOjU6ImZsYXNoIjthOjI6e3M6Mzoib2xkIjthOjA6e31zOjM6Im5ldyI7YTowOnt9fX0=', 1445628940),
('b1139aebbabc91794ec45d901801c3a0b06faadb', 'YTo0OntzOjY6Il90b2tlbiI7czo0MDoiNEFrS2d3Tkg1TnNaQTBVb1lYZUlDc2k2bm9oMGJNUmZvRTdDV0lDRSI7czo5OiJfcHJldmlvdXMiO2E6MTp7czozOiJ1cmwiO3M6MzI6Imh0dHA6Ly9jaGlzdG9tb3lrYS5ydS9hdXRoL2xvZ2luIjt9czo5OiJfc2YyX21ldGEiO2E6Mzp7czoxOiJ1IjtpOjE0NDU1NjUzMjI7czoxOiJjIjtpOjE0NDU1NjUzMjI7czoxOiJsIjtzOjE6IjAiO31zOjU6ImZsYXNoIjthOjI6e3M6Mzoib2xkIjthOjA6e31zOjM6Im5ldyI7YTowOnt9fX0=', 1445565322),
('b60e4a60fd68866819caed0373b8831d7e8c31cb', 'YTo0OntzOjY6Il90b2tlbiI7czo0MDoiY0pFbmVOQWthcnpmcWFHTzc5Rk1JVktvWWpPUVZmTGEyWHNDRFZmRSI7czo5OiJfcHJldmlvdXMiO2E6MTp7czozOiJ1cmwiO3M6MjE6Imh0dHA6Ly9jaGlzdG9tb2lrYS5ydSI7fXM6OToiX3NmMl9tZXRhIjthOjM6e3M6MToidSI7aToxNDQ1NTk2MTk2O3M6MToiYyI7aToxNDQ1NTk2MTk2O3M6MToibCI7czoxOiIwIjt9czo1OiJmbGFzaCI7YToyOntzOjM6Im9sZCI7YTowOnt9czozOiJuZXciO2E6MDp7fX19', 1445596196),
('ba611a2270b5ec80663c69f41394e14894c5bad8', 'YTo0OntzOjY6Il90b2tlbiI7czo0MDoiaW5nZUkwQUk2bzU1bTd6YWU0MEdMNDJ1TzhCZUJKZDVCcjJsZnNQayI7czo5OiJfcHJldmlvdXMiO2E6MTp7czozOiJ1cmwiO3M6MjE6Imh0dHA6Ly9jaGlzdG9tb2lrYS5ydSI7fXM6OToiX3NmMl9tZXRhIjthOjM6e3M6MToidSI7aToxNDQ1NTgzMjYyO3M6MToiYyI7aToxNDQ1NTgzMjYyO3M6MToibCI7czoxOiIwIjt9czo1OiJmbGFzaCI7YToyOntzOjM6Im9sZCI7YTowOnt9czozOiJuZXciO2E6MDp7fX19', 1445583262),
('ba9f489ef2f4707dd021e084345c3eac1acd1740', 'YTo0OntzOjY6Il90b2tlbiI7czo0MDoiZWVFUEtkSFo5RTljS1M0ZDFZZ0U2UjlnSGtqbHg1Z1FKcW5TeUJZQSI7czo5OiJfcHJldmlvdXMiO2E6MTp7czozOiJ1cmwiO3M6MzI6Imh0dHA6Ly9jaGlzdG9tb3lrYS5ydS9hdXRoL2xvZ2luIjt9czo5OiJfc2YyX21ldGEiO2E6Mzp7czoxOiJ1IjtpOjE0NDU1NzczMDU7czoxOiJjIjtpOjE0NDU1NzczMDU7czoxOiJsIjtzOjE6IjAiO31zOjU6ImZsYXNoIjthOjI6e3M6Mzoib2xkIjthOjA6e31zOjM6Im5ldyI7YTowOnt9fX0=', 1445577305),
('baccd279dc587636947b574b22575ae80c31e450', 'YTozOntzOjY6Il90b2tlbiI7czo0MDoiaWgxWXlFdW5XcDhFcWprZzBLOEVQdzdTbEZMdTY3Q0VBM2lZZkpvOSI7czo5OiJfc2YyX21ldGEiO2E6Mzp7czoxOiJ1IjtpOjE0NDU2Mjg5MzI7czoxOiJjIjtpOjE0NDU2Mjg5MzI7czoxOiJsIjtzOjE6IjAiO31zOjU6ImZsYXNoIjthOjI6e3M6Mzoib2xkIjthOjA6e31zOjM6Im5ldyI7YTowOnt9fX0=', 1445628932),
('bdadb1f8e11ec95c79dfc126f81b8536d0894847', 'YTozOntzOjY6Il90b2tlbiI7czo0MDoiMVlZODRsckc3cmNqT3dWUEdxb2pNZTZpemtUZTJvbEpvaHFRVExmYSI7czo5OiJfc2YyX21ldGEiO2E6Mzp7czoxOiJ1IjtpOjE0NDU2Mjg5NDQ7czoxOiJjIjtpOjE0NDU2Mjg5NDQ7czoxOiJsIjtzOjE6IjAiO31zOjU6ImZsYXNoIjthOjI6e3M6Mzoib2xkIjthOjA6e31zOjM6Im5ldyI7YTowOnt9fX0=', 1445628944),
('c068015dcf4b14b6be36e07262ee80a280a142f5', 'YTozOntzOjY6Il90b2tlbiI7czo0MDoiazZJWGN6VXdkSDF3QkpwUFlRV01GU1dhdFJ6d1QwTTI0N3JjWmRzWSI7czo5OiJfc2YyX21ldGEiO2E6Mzp7czoxOiJ1IjtpOjE0NDU2Mjg5NDg7czoxOiJjIjtpOjE0NDU2Mjg5NDg7czoxOiJsIjtzOjE6IjAiO31zOjU6ImZsYXNoIjthOjI6e3M6Mzoib2xkIjthOjA6e31zOjM6Im5ldyI7YTowOnt9fX0=', 1445628948),
('c14b8b1ff918f488c873ed71f96f382cf804405a', 'YTozOntzOjY6Il90b2tlbiI7czo0MDoiSkhMM2QzTURNVFRhZ250UzhGR3BwWGJUbEFCUGlvYUFNMnVhQTJ1SCI7czo5OiJfc2YyX21ldGEiO2E6Mzp7czoxOiJ1IjtpOjE0NDU2Mjg5MzU7czoxOiJjIjtpOjE0NDU2Mjg5MzU7czoxOiJsIjtzOjE6IjAiO31zOjU6ImZsYXNoIjthOjI6e3M6Mzoib2xkIjthOjA6e31zOjM6Im5ldyI7YTowOnt9fX0=', 1445628935),
('c167bc750af7cf292ce807d4841452f9c234c308', 'YTo0OntzOjY6Il90b2tlbiI7czo0MDoiaTl5dmRPZHNFRFFKdEJaS1ZyOThta01pWlhtSGthUmFCelAya3RISCI7czo5OiJfcHJldmlvdXMiO2E6MTp7czozOiJ1cmwiO3M6MzI6Imh0dHA6Ly9jaGlzdG9tb3lrYS5ydS9hdXRoL2xvZ2luIjt9czo5OiJfc2YyX21ldGEiO2E6Mzp7czoxOiJ1IjtpOjE0NDU2MzcxODU7czoxOiJjIjtpOjE0NDU2MzcxODU7czoxOiJsIjtzOjE6IjAiO31zOjU6ImZsYXNoIjthOjI6e3M6Mzoib2xkIjthOjA6e31zOjM6Im5ldyI7YTowOnt9fX0=', 1445637185),
('c727f569d96a5f831bc4ca91d8def58344206a29', 'YTo0OntzOjY6Il90b2tlbiI7czo0MDoiMm1RUmNGbHRQYkF5RGQ3YXR4am9EbUNtT2k5WEViZkw3ejRrR3lMUCI7czo5OiJfcHJldmlvdXMiO2E6MTp7czozOiJ1cmwiO3M6MzI6Imh0dHA6Ly9jaGlzdG9tb2lrYS5ydS9hdXRoL2xvZ2luIjt9czo5OiJfc2YyX21ldGEiO2E6Mzp7czoxOiJ1IjtpOjE0NDU2MzY3NTU7czoxOiJjIjtpOjE0NDU2MzY3NTU7czoxOiJsIjtzOjE6IjAiO31zOjU6ImZsYXNoIjthOjI6e3M6Mzoib2xkIjthOjA6e31zOjM6Im5ldyI7YTowOnt9fX0=', 1445636755),
('d42898315f74b5839a6ab7aecbf66fced79c81d9', 'YTozOntzOjY6Il90b2tlbiI7czo0MDoiVWt2TXpLUExXQjgxREdZSk56ZE9ISEt3QndaUHJ6Z281d3ROMXNBbiI7czo5OiJfc2YyX21ldGEiO2E6Mzp7czoxOiJ1IjtpOjE0NDU2Mjg5NTg7czoxOiJjIjtpOjE0NDU2Mjg5NTg7czoxOiJsIjtzOjE6IjAiO31zOjU6ImZsYXNoIjthOjI6e3M6Mzoib2xkIjthOjA6e31zOjM6Im5ldyI7YTowOnt9fX0=', 1445628958),
('d4447df8e8ab60cad3b60fb7ec16a58d6d572690', 'YTo0OntzOjY6Il90b2tlbiI7czo0MDoiZXlBellRUFV5aXNES2xzMmFUNXEyWHFZWmZRcm5GVjkxa2p1aktGUCI7czo5OiJfcHJldmlvdXMiO2E6MTp7czozOiJ1cmwiO3M6MjE6Imh0dHA6Ly9jaGlzdG9tb3lrYS5ydSI7fXM6OToiX3NmMl9tZXRhIjthOjM6e3M6MToidSI7aToxNDQ1NjI4OTIxO3M6MToiYyI7aToxNDQ1NjI4OTIxO3M6MToibCI7czoxOiIwIjt9czo1OiJmbGFzaCI7YToyOntzOjM6Im9sZCI7YTowOnt9czozOiJuZXciO2E6MDp7fX19', 1445628921),
('e12ff2b3a9e91783cfb53212f7fc4956583a6ec6', 'YTo0OntzOjY6Il90b2tlbiI7czo0MDoiMTJHbHFFY3c4NjZhZGZXb0thdDZQeXFHTElxMHpNTXhmcnB0UkNucCI7czo5OiJfcHJldmlvdXMiO2E6MTp7czozOiJ1cmwiO3M6MzI6Imh0dHA6Ly9jaGlzdG9tb2lrYS5ydS9hdXRoL2xvZ2luIjt9czo1OiJmbGFzaCI7YToyOntzOjM6Im9sZCI7YTowOnt9czozOiJuZXciO2E6MDp7fX1zOjk6Il9zZjJfbWV0YSI7YTozOntzOjE6InUiO2k6MTQ0NTYzNjMxMjtzOjE6ImMiO2k6MTQ0NTYzNjMwODtzOjE6ImwiO3M6MToiMCI7fX0=', 1445636312),
('e1763d1a304b06cc6b4b8ed42282a3dca1652bd6', 'YTo0OntzOjY6Il90b2tlbiI7czo0MDoiUXhvV0l4QkZETVgwcHNjYm8yeFlWb0YyUW1yTllDWGkzRFk5OXJ2NyI7czo5OiJfcHJldmlvdXMiO2E6MTp7czozOiJ1cmwiO3M6MjE6Imh0dHA6Ly9jaGlzdG9tb3lrYS5ydSI7fXM6OToiX3NmMl9tZXRhIjthOjM6e3M6MToidSI7aToxNDQ1NTgzMjYyO3M6MToiYyI7aToxNDQ1NTgzMjYyO3M6MToibCI7czoxOiIwIjt9czo1OiJmbGFzaCI7YToyOntzOjM6Im9sZCI7YTowOnt9czozOiJuZXciO2E6MDp7fX19', 1445583262),
('e17c1973a90ab25b3e8a74079b9ac6b32a8b4f54', 'YTozOntzOjY6Il90b2tlbiI7czo0MDoiTUtZVVlDRk1WOXpTSjZKRUg4cFhFQ01HQ0JuajdCdk5vbFFtNlY0bSI7czo5OiJfc2YyX21ldGEiO2E6Mzp7czoxOiJ1IjtpOjE0NDU2Mjg5MzE7czoxOiJjIjtpOjE0NDU2Mjg5MzE7czoxOiJsIjtzOjE6IjAiO31zOjU6ImZsYXNoIjthOjI6e3M6Mzoib2xkIjthOjA6e31zOjM6Im5ldyI7YTowOnt9fX0=', 1445628931),
('ece9043d7ecb4370d11816a1b37fa2e83bf0b17a', 'YTo0OntzOjY6Il90b2tlbiI7czo0MDoiSU1Sa2ZxWlN6eVJGb1QzT3ZXRWF1Y0RrUEFNNDc0OW4zVkZRUWpxOSI7czo5OiJfcHJldmlvdXMiO2E6MTp7czozOiJ1cmwiO3M6MjE6Imh0dHA6Ly9jaGlzdG9tb3lrYS5ydSI7fXM6OToiX3NmMl9tZXRhIjthOjM6e3M6MToidSI7aToxNDQ1NjM3MTg0O3M6MToiYyI7aToxNDQ1NjM3MTg0O3M6MToibCI7czoxOiIwIjt9czo1OiJmbGFzaCI7YToyOntzOjM6Im9sZCI7YTowOnt9czozOiJuZXciO2E6MDp7fX19', 1445637184),
('f21df85c7f692ce2ba5e9929fd745764a395b136', 'YTozOntzOjY6Il90b2tlbiI7czo0MDoiRlZUcWZmS1prSVNNSXNuNjI2UUJxWFlPcno3QjNkTVNUeENoeDFDSiI7czo5OiJfc2YyX21ldGEiO2E6Mzp7czoxOiJ1IjtpOjE0NDU2Mjg5NDY7czoxOiJjIjtpOjE0NDU2Mjg5NDY7czoxOiJsIjtzOjE6IjAiO31zOjU6ImZsYXNoIjthOjI6e3M6Mzoib2xkIjthOjA6e31zOjM6Im5ldyI7YTowOnt9fX0=', 1445628946);

-- --------------------------------------------------------

--
-- Структура таблицы `migrations`
--

CREATE TABLE IF NOT EXISTS `migrations` (
  `migration` varchar(255) NOT NULL,
  `batch` int(11) NOT NULL
) ENGINE=InnoDB DEFAULT CHARSET=utf8;

--
-- Дамп данных таблицы `migrations`
--

INSERT INTO `migrations` (`migration`, `batch`) VALUES
('2014_10_12_000000_create_users_table', 1),
('2014_10_12_100000_create_password_resets_table', 1),
('2015_07_02_112925_create_roles_table', 1),
('2015_07_03_091756_create_washes_table', 2),
('2015_07_06_083120_create_autos_table', 3),
('2015_07_06_083135_create_washsessions_table', 3),
('2015_07_06_083206_create_services_table', 3),
('2015_07_06_083557_create_boxes_table', 3),
('2015_07_07_064155_add_wash_id_to_boxes_table', 4),
('2015_07_07_072516_add_phone_to_users_table', 5),
('2015_07_08_132231_add_wash_id_to_users_table', 6),
('2015_07_10_070824_add_title_to_boxes_table', 7),
('2015_07_10_081535_add_worker_id_to_boxes_table', 8),
('2015_07_15_060159_add_title_to_services_table', 9),
('2015_07_15_082751_add_wash_id_to_services_table', 10),
('2015_07_15_140942_add_title_to_autos_table', 11),
('2015_07_15_143244_add_wash_id_to_autos_table', 12),
('2015_07_16_075933_create_autotype_services_table', 13),
('2015_07_27_070243_add_property_fields_to_washsessions_table', 14),
('2015_07_27_072520_create_session_services_table', 15),
('2015_07_27_080407_add_start_time_to_washsessions_table', 16),
('2015_07_27_080815_add_finish_time_to_washsessions_table', 17),
('2015_07_29_110548_add_id_to_autotype_services_table', 18),
('2015_08_09_083705_add_timing_to_auto_services_table', 19),
('2015_08_10_054645_create_washsession_autoservices_table', 20),
('2015_08_11_063218_add_icon_to_autos_table', 21),
('2015_08_11_155901_add_washsession_id_to_boxes_table', 22),
('2015_08_12_054334_create_payments_table', 23);

-- --------------------------------------------------------

--
-- Структура таблицы `password_resets`
--

CREATE TABLE IF NOT EXISTS `password_resets` (
  `email` varchar(255) NOT NULL,
  `token` varchar(255) NOT NULL,
  `created_at` timestamp NOT NULL DEFAULT '0000-00-00 00:00:00',
  KEY `password_resets_email_index` (`email`),
  KEY `password_resets_token_index` (`token`)
) ENGINE=InnoDB DEFAULT CHARSET=utf8;

-- --------------------------------------------------------

--
-- Структура таблицы `payments`
--

CREATE TABLE IF NOT EXISTS `payments` (
  `id` int(10) unsigned NOT NULL AUTO_INCREMENT,
  `created_at` timestamp NOT NULL DEFAULT '0000-00-00 00:00:00',
  `updated_at` timestamp NOT NULL DEFAULT '0000-00-00 00:00:00',
  `washsession_id` int(10) unsigned NOT NULL,
  `total_cost` decimal(18,6) NOT NULL,
  `render` decimal(18,6) NOT NULL,
  `deleted_at` timestamp NULL DEFAULT NULL,
  PRIMARY KEY (`id`)
) ENGINE=InnoDB  DEFAULT CHARSET=utf8 AUTO_INCREMENT=216 ;

--
-- Дамп данных таблицы `payments`
--

INSERT INTO `payments` (`id`, `created_at`, `updated_at`, `washsession_id`, `total_cost`, `render`, `deleted_at`) VALUES
(213, '2015-10-20 04:55:44', '2015-10-20 04:59:08', 288, '400.000000', '400.000000', NULL),
(214, '2015-10-20 04:58:30', '2015-10-20 04:58:30', 289, '400.000000', '0.000000', NULL),
(215, '2015-10-20 05:00:29', '2015-10-20 05:00:29', 290, '250.000000', '0.000000', NULL);

-- --------------------------------------------------------

--
-- Структура таблицы `payment_types`
--

CREATE TABLE IF NOT EXISTS `payment_types` (
  `id` int(10) unsigned NOT NULL AUTO_INCREMENT,
  `title` varchar(255) NOT NULL,
  `deleted_at` timestamp NULL DEFAULT NULL,
  `created_at` timestamp NOT NULL DEFAULT '0000-00-00 00:00:00',
  `updated_at` timestamp NOT NULL DEFAULT '0000-00-00 00:00:00',
  PRIMARY KEY (`id`)
) ENGINE=InnoDB  DEFAULT CHARSET=utf8 AUTO_INCREMENT=3 ;

--
-- Дамп данных таблицы `payment_types`
--

INSERT INTO `payment_types` (`id`, `title`, `deleted_at`, `created_at`, `updated_at`) VALUES
(1, 'Нал.', NULL, '0000-00-00 00:00:00', '0000-00-00 00:00:00'),
(2, 'Безнал.', NULL, '0000-00-00 00:00:00', '0000-00-00 00:00:00');

-- --------------------------------------------------------

--
-- Структура таблицы `receipts`
--

CREATE TABLE IF NOT EXISTS `receipts` (
  `id` int(10) unsigned NOT NULL AUTO_INCREMENT,
  `user_id` int(10) unsigned NOT NULL,
  `payment_id` int(10) unsigned NOT NULL,
  `amount` double(8,2) NOT NULL,
  `comment` varchar(255) NOT NULL,
  `created_at` timestamp NOT NULL DEFAULT '0000-00-00 00:00:00',
  `updated_at` timestamp NOT NULL DEFAULT '0000-00-00 00:00:00',
  PRIMARY KEY (`id`)
) ENGINE=InnoDB  DEFAULT CHARSET=utf8 AUTO_INCREMENT=67 ;

--
-- Дамп данных таблицы `receipts`
--

INSERT INTO `receipts` (`id`, `user_id`, `payment_id`, `amount`, `comment`, `created_at`, `updated_at`) VALUES
(66, 0, 213, 400.00, 'Оплата за услуги.', '2015-10-20 04:59:08', '2015-10-20 04:59:08');

-- --------------------------------------------------------

--
-- Структура таблицы `roles`
--

CREATE TABLE IF NOT EXISTS `roles` (
  `id` int(10) unsigned NOT NULL AUTO_INCREMENT,
  `title` varchar(255) NOT NULL,
  `name` varchar(255) NOT NULL,
  `created_at` timestamp NOT NULL DEFAULT '0000-00-00 00:00:00',
  `updated_at` timestamp NOT NULL DEFAULT '0000-00-00 00:00:00',
  `deleted_at` timestamp NULL DEFAULT NULL,
  PRIMARY KEY (`id`)
) ENGINE=InnoDB  DEFAULT CHARSET=utf8 AUTO_INCREMENT=7 ;

--
-- Дамп данных таблицы `roles`
--

INSERT INTO `roles` (`id`, `title`, `name`, `created_at`, `updated_at`, `deleted_at`) VALUES
(1, 'Administrator', 'Администратор', '0000-00-00 00:00:00', '0000-00-00 00:00:00', NULL),
(2, 'Director', 'Директор', '0000-00-00 00:00:00', '0000-00-00 00:00:00', NULL),
(3, 'Manager', 'Менеджер', '0000-00-00 00:00:00', '0000-00-00 00:00:00', NULL),
(4, 'Operator', 'Оператор', '0000-00-00 00:00:00', '0000-00-00 00:00:00', NULL),
(5, 'Client', 'Клиент', '0000-00-00 00:00:00', '0000-00-00 00:00:00', NULL);

-- --------------------------------------------------------

--
-- Структура таблицы `services`
--

CREATE TABLE IF NOT EXISTS `services` (
  `id` int(10) unsigned NOT NULL AUTO_INCREMENT,
  `created_at` timestamp NOT NULL DEFAULT '0000-00-00 00:00:00',
  `updated_at` timestamp NOT NULL DEFAULT '0000-00-00 00:00:00',
  `title` varchar(255) NOT NULL,
  `wash_id` int(10) unsigned NOT NULL,
  `deleted_at` timestamp NULL DEFAULT NULL,
  PRIMARY KEY (`id`)
) ENGINE=InnoDB  DEFAULT CHARSET=utf8 AUTO_INCREMENT=42 ;

--
-- Дамп данных таблицы `services`
--

INSERT INTO `services` (`id`, `created_at`, `updated_at`, `title`, `wash_id`, `deleted_at`) VALUES
(24, '2015-09-29 05:44:40', '2015-09-29 05:44:40', 'Отбивка с водой', 10, NULL),
(25, '2015-09-29 05:44:55', '2015-09-29 05:44:55', 'Отбивка с химией', 10, NULL),
(26, '2015-09-29 05:45:09', '2015-09-29 05:45:09', 'Мойка кузова', 10, NULL),
(27, '2015-09-29 05:45:19', '2015-09-29 05:45:19', 'Уборка салона', 10, NULL),
(28, '2015-09-29 05:45:27', '2015-09-29 05:45:27', 'Воск', 10, NULL),
(29, '2015-09-29 05:45:35', '2015-09-29 05:45:35', 'Тефлон', 10, NULL),
(30, '2015-09-29 05:45:45', '2015-09-29 05:45:45', 'Кондиционер кожи', 10, NULL),
(31, '2015-09-29 05:45:59', '2015-09-29 05:45:59', 'Полировка пластика', 10, NULL),
(32, '2015-09-29 05:46:12', '2015-09-29 05:46:12', 'Чернение резины', 10, NULL),
(33, '2015-10-08 03:10:24', '2015-10-08 03:10:24', 'Отбивка водой', 11, NULL),
(34, '2015-10-08 03:10:39', '2015-10-08 03:10:39', 'Отбивка с химией', 11, NULL),
(35, '2015-10-08 03:11:00', '2015-10-08 03:11:00', 'Мойка кузова', 11, NULL),
(36, '2015-10-08 03:11:16', '2015-10-08 03:11:16', 'Уборка салона', 11, NULL),
(37, '2015-10-08 03:11:27', '2015-10-08 03:11:27', 'Воск', 11, NULL),
(38, '2015-10-08 03:11:36', '2015-10-08 03:11:36', 'Тефлон', 11, NULL),
(39, '2015-10-08 03:12:00', '2015-10-08 03:12:00', 'Кондиционер кожи', 11, NULL),
(40, '2015-10-08 03:12:15', '2015-10-08 03:12:15', 'Полировка пластика', 11, NULL),
(41, '2015-10-08 03:12:28', '2015-10-08 03:12:28', 'Чернение резины', 11, NULL);

-- --------------------------------------------------------

--
-- Структура таблицы `session_services`
--

CREATE TABLE IF NOT EXISTS `session_services` (
  `id` int(10) unsigned NOT NULL AUTO_INCREMENT,
  `created_at` timestamp NOT NULL DEFAULT '0000-00-00 00:00:00',
  `updated_at` timestamp NOT NULL DEFAULT '0000-00-00 00:00:00',
  `session_id` int(10) unsigned NOT NULL,
  `service_id` int(10) unsigned NOT NULL,
  PRIMARY KEY (`id`)
) ENGINE=InnoDB DEFAULT CHARSET=utf8 AUTO_INCREMENT=1 ;

-- --------------------------------------------------------

--
-- Структура таблицы `users`
--

CREATE TABLE IF NOT EXISTS `users` (
  `id` int(10) unsigned NOT NULL AUTO_INCREMENT,
  `name` varchar(255) NOT NULL,
  `email` varchar(255) DEFAULT NULL,
  `password` varchar(60) NOT NULL,
  `role_id` int(10) unsigned NOT NULL,
  `remember_token` varchar(100) DEFAULT NULL,
  `created_at` timestamp NOT NULL DEFAULT '0000-00-00 00:00:00',
  `updated_at` timestamp NOT NULL DEFAULT '0000-00-00 00:00:00',
  `phone` varchar(255) NOT NULL,
  `wash_id` int(10) unsigned NOT NULL,
  `paymenttype_id` int(10) unsigned NOT NULL DEFAULT '1',
  `deleted_at` timestamp NULL DEFAULT NULL,
  `visibility` int(10) NOT NULL DEFAULT '1',
  PRIMARY KEY (`id`)
) ENGINE=InnoDB  DEFAULT CHARSET=utf8 AUTO_INCREMENT=133 ;

--
-- Дамп данных таблицы `users`
--

INSERT INTO `users` (`id`, `name`, `email`, `password`, `role_id`, `remember_token`, `created_at`, `updated_at`, `phone`, `wash_id`, `paymenttype_id`, `deleted_at`, `visibility`) VALUES
(75, 'Экстра_директор', 'no@no.no', '$2y$10$VxErgWZOlQHLUhJ8FiJpl.WVSPtp1nbSIvJBgdqz3QgZU4HQTz9Xa', 2, '9ZAwxkwMw0959F7shvptoM4jTSKBiaeDa0EwTWG9MRDCEgP93zdGGd4YLm59', '2015-09-29 05:28:51', '2015-09-29 05:31:24', '', 0, 1, NULL, 1),
(76, 'Экстра_менеджер', 'no@yes.no', '$2y$10$CQy5YZd7iwnee9JG9tLq/O3cAq5DYPvzSEy2UeYh1uCTvIjIb/0C2', 3, 'p4bvNC2e12vU2ZRYCXrKLf8AWsrZ9ANMtLlEtXAIvprKW1kneCYjXZudxDrM', '2015-09-29 05:31:19', '2015-10-20 04:52:01', '+ 9 999 99 99', 10, 1, NULL, 1),
(102, 'Дмитрий ', 'delezans@mail.ru', '$2y$10$tt3foHk1Lp1qkI2aWKjSdOhNKeV9oYNmBm6tl4enhTWyBJkdAsp2u', 2, 'Wq369EAhGFqqcgFVZRyfzmeCnl3H1JYQXBjn6eg4yFa8SvwTl9El5vboqM8H', '2015-10-08 02:52:01', '2015-10-08 03:12:52', '', 0, 1, NULL, 1),
(103, 'Менеджер', 'manager@example.com', '$2y$10$FC8B6.xd/1uPeampQFlnRuAHoLmvL8jwfHdSjvXB9fYNHb8n35UW6', 3, 'rFIZGA0hX7mv4rAjG71zMDJuzXFij8gadS5Tdoe0E3wIyZhq0PcjuJzYWxVi', '2015-10-08 02:57:26', '2015-10-22 03:01:33', '+7 988 234 11 67', 11, 1, NULL, 1),
(123, 'Айк', 'sotr1@example.com', '$2y$10$z6/pN959Nl7Nvyb1YVJrCuxuAq/2uLJX5aDGxMON6ar/GfRpuSh9K', 4, NULL, '2015-10-19 10:30:39', '2015-10-20 04:53:08', '9 999 999 99 99', 11, 1, NULL, 1),
(124, 'Сотрудник 2', 'sotr2@example.com', '$2y$10$gvVzrVuiaXCjRUeC6yAKeuC7MCEBnLZs7Nr/ydVX3bMjrZuPN55v2', 4, NULL, '2015-10-19 10:30:50', '2015-10-19 10:30:50', '9 999 999 99 99', 11, 1, NULL, 1),
(125, 'Сотрудник 3', 'sotr3@example.com', '$2y$10$HR860OsC2mMylkaZL5j1K.zSi2tSxXvnPmqi/yPJi7UX7WF/kv1Tq', 4, NULL, '2015-10-19 10:31:04', '2015-10-19 10:31:04', '9 999 999 99 99', 11, 1, NULL, 1),
(126, 'Саша лысый', 'sotr4@example.com', '$2y$10$SW0fTBuUfQCETGET78Odhuih0.8cQjeKqiNw5Xei3mXkyw.2WU7HW', 4, NULL, '2015-10-19 10:31:17', '2015-10-20 04:57:18', '9 999 999 99 99', 11, 1, NULL, 1),
(130, 'Вася', 'SS@fg.rt', '$2y$10$evIK7HVQ05SIVH.Z2nCWGOJwDBVJRGLfh75vD/5JaLupNn297.wFK', 5, NULL, '2015-10-20 04:55:44', '2015-10-20 04:56:33', '', 11, 2, NULL, 1),
(131, 'Вася', 'derer@mail.ru', '', 5, NULL, '2015-10-20 04:58:29', '2015-10-20 04:58:29', '', 11, 1, NULL, 1),
(132, 'Лена', 'dertu@mail.ru', '', 5, NULL, '2015-10-20 05:00:29', '2015-10-20 05:00:29', '', 11, 1, NULL, 1);

-- --------------------------------------------------------

--
-- Структура таблицы `washes`
--

CREATE TABLE IF NOT EXISTS `washes` (
  `id` int(10) unsigned NOT NULL AUTO_INCREMENT,
  `title` varchar(255) NOT NULL,
  `owner_id` int(10) unsigned NOT NULL,
  `salary_rate` double(8,2) NOT NULL DEFAULT '30.00',
  `duty_id` int(10) NOT NULL,
  `created_at` timestamp NOT NULL DEFAULT '0000-00-00 00:00:00',
  `updated_at` timestamp NOT NULL DEFAULT '0000-00-00 00:00:00',
  `deleted_at` timestamp NULL DEFAULT NULL,
  PRIMARY KEY (`id`)
) ENGINE=InnoDB  DEFAULT CHARSET=utf8 AUTO_INCREMENT=12 ;

--
-- Дамп данных таблицы `washes`
--

INSERT INTO `washes` (`id`, `title`, `owner_id`, `salary_rate`, `duty_id`, `created_at`, `updated_at`, `deleted_at`) VALUES
(10, 'Экстра Мойка', 75, 30.00, 0, '2015-09-29 05:29:46', '2015-10-15 03:09:34', NULL),
(11, 'Orange', 102, 30.00, 25, '2015-10-08 02:55:01', '2015-10-20 04:53:26', NULL);

-- --------------------------------------------------------

--
-- Структура таблицы `washsessions`
--

CREATE TABLE IF NOT EXISTS `washsessions` (
  `id` int(10) unsigned NOT NULL AUTO_INCREMENT,
  `created_at` timestamp NOT NULL DEFAULT '0000-00-00 00:00:00',
  `updated_at` timestamp NOT NULL DEFAULT '0000-00-00 00:00:00',
  `wash_id` int(10) unsigned NOT NULL,
  `duty_id` int(10) unsigned NOT NULL,
  `box_id` int(10) unsigned NOT NULL,
  `user_id` int(10) unsigned NOT NULL,
  `car_id` int(10) unsigned NOT NULL,
  `local_discount` decimal(18,6) NOT NULL,
  `total_summ` decimal(18,6) NOT NULL,
  `started_at` datetime NOT NULL,
  `finished_at` datetime NOT NULL,
  `deleted_at` timestamp NULL DEFAULT NULL,
  `visibility` int(10) NOT NULL DEFAULT '1',
  PRIMARY KEY (`id`)
) ENGINE=InnoDB  DEFAULT CHARSET=utf8 AUTO_INCREMENT=291 ;

--
-- Дамп данных таблицы `washsessions`
--

INSERT INTO `washsessions` (`id`, `created_at`, `updated_at`, `wash_id`, `duty_id`, `box_id`, `user_id`, `car_id`, `local_discount`, `total_summ`, `started_at`, `finished_at`, `deleted_at`, `visibility`) VALUES
(288, '2015-10-20 04:55:44', '2015-10-20 04:55:44', 11, 25, 24, 123, 53, '0.000000', '400.000000', '2015-10-20 07:55:00', '2015-10-20 08:25:00', NULL, 1),
(289, '2015-10-20 04:58:29', '2015-10-20 04:58:29', 11, 25, 27, 126, 54, '100.000000', '400.000000', '2015-10-20 07:58:00', '2015-10-20 08:28:00', NULL, 1),
(290, '2015-10-20 05:00:29', '2015-10-20 05:00:29', 11, 25, 24, 123, 55, '0.000000', '250.000000', '2015-10-20 08:00:00', '2015-10-20 08:20:00', NULL, 1);

-- --------------------------------------------------------

--
-- Структура таблицы `washsession_autoservices`
--

CREATE TABLE IF NOT EXISTS `washsession_autoservices` (
  `id` int(10) unsigned NOT NULL AUTO_INCREMENT,
  `created_at` timestamp NOT NULL DEFAULT '0000-00-00 00:00:00',
  `updated_at` timestamp NOT NULL DEFAULT '0000-00-00 00:00:00',
  `washsession_id` int(10) unsigned NOT NULL,
  `autoservice_id` int(10) unsigned NOT NULL,
  `cost` decimal(18,6) NOT NULL,
  `deleted_at` timestamp NULL DEFAULT NULL,
  PRIMARY KEY (`id`)
) ENGINE=InnoDB  DEFAULT CHARSET=utf8 AUTO_INCREMENT=790 ;

--
-- Дамп данных таблицы `washsession_autoservices`
--

INSERT INTO `washsession_autoservices` (`id`, `created_at`, `updated_at`, `washsession_id`, `autoservice_id`, `cost`, `deleted_at`) VALUES
(784, '2015-10-20 04:55:44', '2015-10-20 04:55:44', 288, 202, '200.000000', NULL),
(785, '2015-10-20 04:55:44', '2015-10-20 04:55:44', 288, 203, '150.000000', NULL),
(786, '2015-10-20 04:58:29', '2015-10-20 04:58:29', 289, 202, '200.000000', NULL),
(787, '2015-10-20 04:58:29', '2015-10-20 04:58:29', 289, 203, '150.000000', NULL),
(788, '2015-10-20 04:58:29', '2015-10-20 04:58:29', 289, 208, '50.000000', NULL),
(789, '2015-10-20 05:00:29', '2015-10-20 05:00:29', 290, 210, '200.000000', NULL);

/*!40101 SET CHARACTER_SET_CLIENT=@OLD_CHARACTER_SET_CLIENT */;
/*!40101 SET CHARACTER_SET_RESULTS=@OLD_CHARACTER_SET_RESULTS */;
/*!40101 SET COLLATION_CONNECTION=@OLD_COLLATION_CONNECTION */;
